File,adult,medical,racy,spoof,violence
/Users/timomiessen/Desktop/imagesdk/nonblackmen1/NBM_247.jpg,UNLIKELY,UNLIKELY,LIKELY,UNLIKELY,UNLIKELY
/Users/timomiessen/Desktop/imagesdk/nonblackmen1/NBM_253.jpg,VERY_UNLIKELY,UNLIKELY,POSSIBLE,VERY_UNLIKELY,UNLIKELY
/Users/timomiessen/Desktop/imagesdk/nonblackmen1/NBM_284.jpg,POSSIBLE,UNLIKELY,VERY_LIKELY,UNLIKELY,VERY_UNLIKELY
/Users/timomiessen/Desktop/imagesdk/nonblackmen1/NBM_290.jpg,UNLIKELY,UNLIKELY,LIKELY,VERY_UNLIKELY,UNLIKELY
/Users/timomiessen/Desktop/imagesdk/nonblackmen1/NBM_46.jpg,UNLIKELY,VERY_UNLIKELY,POSSIBLE,VERY_UNLIKELY,UNLIKELY
/Users/timomiessen/Desktop/imagesdk/nonblackmen1/NBM_52.jpg,UNLIKELY,VERY_UNLIKELY,POSSIBLE,UNLIKELY,VERY_UNLIKELY
/Users/timomiessen/Desktop/imagesdk/nonblackmen1/NBM_119.jpg,VERY_UNLIKELY,UNLIKELY,POSSIBLE,UNLIKELY,UNLIKELY
/Users/timomiessen/Desktop/imagesdk/nonblackmen1/NBM_131.jpg,VERY_UNLIKELY,VERY_UNLIKELY,VERY_UNLIKELY,VERY_UNLIKELY,VERY_UNLIKELY
/Users/timomiessen/Desktop/imagesdk/nonblackmen1/NBM_125.jpg,VERY_UNLIKELY,VERY_UNLIKELY,VERY_UNLIKELY,VERY_UNLIKELY,VERY_UNLIKELY
/Users/timomiessen/Desktop/imagesdk/nonblackmen1/NBM_85.jpg,VERY_UNLIKELY,VERY_UNLIKELY,VERY_UNLIKELY,VERY_UNLIKELY,VERY_UNLIKELY
/Users/timomiessen/Desktop/imagesdk/nonblackmen1/NBM_91.jpg,VERY_UNLIKELY,UNLIKELY,POSSIBLE,UNLIKELY,UNLIKELY
/Users/timomiessen/Desktop/imagesdk/nonblackmen1/NBM_333.jpg,UNLIKELY,UNLIKELY,VERY_LIKELY,VERY_UNLIKELY,UNLIKELY
/Users/timomiessen/Desktop/imagesdk/nonblackmen1/NBM_327.jpg,UNLIKELY,UNLIKELY,VERY_LIKELY,VERY_UNLIKELY,UNLIKELY
/Users/timomiessen/Desktop/imagesdk/nonblackmen1/NBM_326.jpg,UNLIKELY,UNLIKELY,VERY_LIKELY,VERY_UNLIKELY,VERY_UNLIKELY
/Users/timomiessen/Desktop/imagesdk/nonblackmen1/NBM_332.jpg,UNLIKELY,VERY_UNLIKELY,VERY_LIKELY,VERY_UNLIKELY,VERY_UNLIKELY
/Users/timomiessen/Desktop/imagesdk/nonblackmen1/NBM_90.jpg,VERY_UNLIKELY,VERY_UNLIKELY,POSSIBLE,VERY_UNLIKELY,UNLIKELY
/Users/timomiessen/Desktop/imagesdk/nonblackmen1/NBM_84.jpg,VERY_UNLIKELY,UNLIKELY,POSSIBLE,VERY_UNLIKELY,VERY_UNLIKELY
/Users/timomiessen/Desktop/imagesdk/nonblackmen1/NBM_124.jpg,VERY_UNLIKELY,UNLIKELY,POSSIBLE,VERY_UNLIKELY,UNLIKELY
/Users/timomiessen/Desktop/imagesdk/nonblackmen1/NBM_130.jpg,VERY_UNLIKELY,VERY_UNLIKELY,VERY_UNLIKELY,VERY_UNLIKELY,VERY_UNLIKELY
/Users/timomiessen/Desktop/imagesdk/nonblackmen1/NBM_118.jpg,VERY_UNLIKELY,VERY_UNLIKELY,UNLIKELY,UNLIKELY,UNLIKELY
/Users/timomiessen/Desktop/imagesdk/nonblackmen1/NBM_53.jpg,VERY_UNLIKELY,VERY_UNLIKELY,UNLIKELY,VERY_UNLIKELY,UNLIKELY
/Users/timomiessen/Desktop/imagesdk/nonblackmen1/NBM_47.jpg,VERY_UNLIKELY,VERY_UNLIKELY,VERY_UNLIKELY,VERY_UNLIKELY,VERY_UNLIKELY
/Users/timomiessen/Desktop/imagesdk/nonblackmen1/NBM_291.jpg,VERY_UNLIKELY,VERY_UNLIKELY,VERY_UNLIKELY,VERY_UNLIKELY,VERY_UNLIKELY
/Users/timomiessen/Desktop/imagesdk/nonblackmen1/NBM_285.jpg,UNLIKELY,UNLIKELY,VERY_LIKELY,VERY_UNLIKELY,UNLIKELY
/Users/timomiessen/Desktop/imagesdk/nonblackmen1/NBM_252.jpg,VERY_UNLIKELY,UNLIKELY,POSSIBLE,VERY_UNLIKELY,VERY_UNLIKELY
/Users/timomiessen/Desktop/imagesdk/nonblackmen1/NBM_246.jpg,VERY_UNLIKELY,VERY_UNLIKELY,UNLIKELY,VERY_UNLIKELY,UNLIKELY
/Users/timomiessen/Desktop/imagesdk/nonblackmen1/NBM_278.jpg,VERY_UNLIKELY,UNLIKELY,LIKELY,VERY_UNLIKELY,VERY_UNLIKELY
/Users/timomiessen/Desktop/imagesdk/nonblackmen1/NBM_250.jpg,VERY_UNLIKELY,VERY_UNLIKELY,UNLIKELY,UNLIKELY,UNLIKELY
/Users/timomiessen/Desktop/imagesdk/nonblackmen1/NBM_244.jpg,VERY_UNLIKELY,VERY_UNLIKELY,LIKELY,VERY_UNLIKELY,VERY_UNLIKELY
/Users/timomiessen/Desktop/imagesdk/nonblackmen1/NBM_293.jpg,VERY_UNLIKELY,VERY_UNLIKELY,VERY_UNLIKELY,VERY_UNLIKELY,VERY_UNLIKELY
/Users/timomiessen/Desktop/imagesdk/nonblackmen1/NBM_287.jpg,VERY_UNLIKELY,UNLIKELY,LIKELY,VERY_UNLIKELY,VERY_UNLIKELY
/Users/timomiessen/Desktop/imagesdk/nonblackmen1/NBM_51.jpg,VERY_UNLIKELY,VERY_UNLIKELY,VERY_UNLIKELY,VERY_UNLIKELY,VERY_UNLIKELY
/Users/timomiessen/Desktop/imagesdk/nonblackmen1/NBM_45.jpg,VERY_UNLIKELY,VERY_UNLIKELY,UNLIKELY,VERY_UNLIKELY,VERY_UNLIKELY
/Users/timomiessen/Desktop/imagesdk/nonblackmen1/NBM_126.jpg,VERY_UNLIKELY,VERY_UNLIKELY,UNLIKELY,VERY_UNLIKELY,VERY_UNLIKELY
/Users/timomiessen/Desktop/imagesdk/nonblackmen1/NBM_79.jpg,UNLIKELY,VERY_UNLIKELY,POSSIBLE,UNLIKELY,VERY_UNLIKELY
/Users/timomiessen/Desktop/imagesdk/nonblackmen1/NBM_132.jpg,VERY_UNLIKELY,VERY_UNLIKELY,VERY_UNLIKELY,VERY_UNLIKELY,VERY_UNLIKELY
/Users/timomiessen/Desktop/imagesdk/nonblackmen1/NBM_92.jpg,VERY_UNLIKELY,UNLIKELY,UNLIKELY,VERY_UNLIKELY,UNLIKELY
/Users/timomiessen/Desktop/imagesdk/nonblackmen1/NBM_86.jpg,VERY_UNLIKELY,VERY_UNLIKELY,UNLIKELY,VERY_UNLIKELY,VERY_UNLIKELY
/Users/timomiessen/Desktop/imagesdk/nonblackmen1/NBM_318.jpg,UNLIKELY,UNLIKELY,VERY_LIKELY,VERY_UNLIKELY,VERY_UNLIKELY
/Users/timomiessen/Desktop/imagesdk/nonblackmen1/NBM_324.jpg,UNLIKELY,UNLIKELY,VERY_LIKELY,VERY_UNLIKELY,UNLIKELY
/Users/timomiessen/Desktop/imagesdk/nonblackmen1/NBM_330.jpg,UNLIKELY,UNLIKELY,VERY_LIKELY,VERY_UNLIKELY,VERY_UNLIKELY
/Users/timomiessen/Desktop/imagesdk/nonblackmen1/NBM_331.jpg,UNLIKELY,UNLIKELY,VERY_LIKELY,VERY_UNLIKELY,UNLIKELY
/Users/timomiessen/Desktop/imagesdk/nonblackmen1/NBM_325.jpg,VERY_UNLIKELY,UNLIKELY,VERY_LIKELY,VERY_UNLIKELY,UNLIKELY
/Users/timomiessen/Desktop/imagesdk/nonblackmen1/NBM_319.jpg,UNLIKELY,UNLIKELY,VERY_LIKELY,VERY_UNLIKELY,VERY_UNLIKELY
/Users/timomiessen/Desktop/imagesdk/nonblackmen1/NBM_87.jpg,VERY_UNLIKELY,UNLIKELY,VERY_UNLIKELY,UNLIKELY,VERY_UNLIKELY
/Users/timomiessen/Desktop/imagesdk/nonblackmen1/NBM_93.jpg,UNLIKELY,UNLIKELY,LIKELY,VERY_UNLIKELY,UNLIKELY
/Users/timomiessen/Desktop/imagesdk/nonblackmen1/NBM_133.jpg,VERY_UNLIKELY,VERY_UNLIKELY,VERY_UNLIKELY,VERY_UNLIKELY,VERY_UNLIKELY
/Users/timomiessen/Desktop/imagesdk/nonblackmen1/NBM_78.jpg,VERY_UNLIKELY,VERY_UNLIKELY,POSSIBLE,VERY_UNLIKELY,UNLIKELY
/Users/timomiessen/Desktop/imagesdk/nonblackmen1/NBM_127.jpg,VERY_UNLIKELY,UNLIKELY,VERY_UNLIKELY,VERY_UNLIKELY,VERY_UNLIKELY
/Users/timomiessen/Desktop/imagesdk/nonblackmen1/NBM_44.jpg,VERY_UNLIKELY,VERY_UNLIKELY,VERY_UNLIKELY,VERY_LIKELY,UNLIKELY
/Users/timomiessen/Desktop/imagesdk/nonblackmen1/NBM_50.jpg,VERY_UNLIKELY,UNLIKELY,POSSIBLE,VERY_UNLIKELY,VERY_UNLIKELY
/Users/timomiessen/Desktop/imagesdk/nonblackmen1/NBM_286.jpg,VERY_UNLIKELY,UNLIKELY,POSSIBLE,VERY_UNLIKELY,UNLIKELY
/Users/timomiessen/Desktop/imagesdk/nonblackmen1/NBM_292.jpg,UNLIKELY,UNLIKELY,LIKELY,POSSIBLE,UNLIKELY
/Users/timomiessen/Desktop/imagesdk/nonblackmen1/NBM_245.jpg,VERY_UNLIKELY,VERY_UNLIKELY,UNLIKELY,VERY_UNLIKELY,VERY_UNLIKELY
/Users/timomiessen/Desktop/imagesdk/nonblackmen1/NBM_251.jpg,UNLIKELY,UNLIKELY,LIKELY,VERY_UNLIKELY,UNLIKELY
/Users/timomiessen/Desktop/imagesdk/nonblackmen1/NBM_279.jpg,VERY_UNLIKELY,UNLIKELY,LIKELY,UNLIKELY,UNLIKELY
/Users/timomiessen/Desktop/imagesdk/nonblackmen1/NBM_255.jpg,UNLIKELY,UNLIKELY,POSSIBLE,VERY_UNLIKELY,UNLIKELY
/Users/timomiessen/Desktop/imagesdk/nonblackmen1/NBM_241.jpg,VERY_UNLIKELY,VERY_UNLIKELY,VERY_UNLIKELY,VERY_UNLIKELY,VERY_UNLIKELY
/Users/timomiessen/Desktop/imagesdk/nonblackmen1/NBM_269.jpg,VERY_UNLIKELY,VERY_UNLIKELY,UNLIKELY,VERY_UNLIKELY,VERY_UNLIKELY
/Users/timomiessen/Desktop/imagesdk/nonblackmen1/NBM_296.jpg,UNLIKELY,UNLIKELY,LIKELY,VERY_UNLIKELY,VERY_UNLIKELY
/Users/timomiessen/Desktop/imagesdk/nonblackmen1/NBM_282.jpg,VERY_UNLIKELY,VERY_UNLIKELY,UNLIKELY,VERY_UNLIKELY,UNLIKELY
/Users/timomiessen/Desktop/imagesdk/nonblackmen1/NBM_68.jpg,UNLIKELY,VERY_UNLIKELY,POSSIBLE,UNLIKELY,UNLIKELY
/Users/timomiessen/Desktop/imagesdk/nonblackmen1/NBM_123.jpg,VERY_UNLIKELY,VERY_UNLIKELY,VERY_UNLIKELY,VERY_UNLIKELY,UNLIKELY
/Users/timomiessen/Desktop/imagesdk/nonblackmen1/NBM_9.jpg,VERY_UNLIKELY,UNLIKELY,VERY_UNLIKELY,VERY_UNLIKELY,VERY_UNLIKELY
/Users/timomiessen/Desktop/imagesdk/nonblackmen1/NBM_137.jpg,VERY_UNLIKELY,VERY_UNLIKELY,UNLIKELY,VERY_UNLIKELY,UNLIKELY
/Users/timomiessen/Desktop/imagesdk/nonblackmen1/NBM_54.jpg,UNLIKELY,UNLIKELY,POSSIBLE,VERY_UNLIKELY,VERY_UNLIKELY
/Users/timomiessen/Desktop/imagesdk/nonblackmen1/NBM_40.jpg,VERY_UNLIKELY,UNLIKELY,VERY_UNLIKELY,VERY_UNLIKELY,VERY_UNLIKELY
/Users/timomiessen/Desktop/imagesdk/nonblackmen1/NBM_97.jpg,UNLIKELY,UNLIKELY,UNLIKELY,VERY_UNLIKELY,VERY_UNLIKELY
/Users/timomiessen/Desktop/imagesdk/nonblackmen1/NBM_83.jpg,VERY_UNLIKELY,VERY_UNLIKELY,UNLIKELY,UNLIKELY,UNLIKELY
/Users/timomiessen/Desktop/imagesdk/nonblackmen1/NBM_321.jpg,UNLIKELY,UNLIKELY,VERY_LIKELY,VERY_UNLIKELY,VERY_UNLIKELY
/Users/timomiessen/Desktop/imagesdk/nonblackmen1/NBM_309.jpg,POSSIBLE,UNLIKELY,VERY_LIKELY,VERY_UNLIKELY,UNLIKELY
/Users/timomiessen/Desktop/imagesdk/nonblackmen1/NBM_308.jpg,POSSIBLE,UNLIKELY,LIKELY,UNLIKELY,UNLIKELY
/Users/timomiessen/Desktop/imagesdk/nonblackmen1/NBM_334.jpg,UNLIKELY,UNLIKELY,VERY_LIKELY,VERY_UNLIKELY,UNLIKELY
/Users/timomiessen/Desktop/imagesdk/nonblackmen1/NBM_320.jpg,UNLIKELY,POSSIBLE,VERY_LIKELY,UNLIKELY,UNLIKELY
/Users/timomiessen/Desktop/imagesdk/nonblackmen1/NBM_82.jpg,UNLIKELY,UNLIKELY,POSSIBLE,VERY_UNLIKELY,UNLIKELY
/Users/timomiessen/Desktop/imagesdk/nonblackmen1/NBM_96.jpg,VERY_UNLIKELY,UNLIKELY,VERY_UNLIKELY,VERY_UNLIKELY,VERY_UNLIKELY
/Users/timomiessen/Desktop/imagesdk/nonblackmen1/NBM_41.jpg,VERY_UNLIKELY,UNLIKELY,VERY_UNLIKELY,VERY_UNLIKELY,UNLIKELY
/Users/timomiessen/Desktop/imagesdk/nonblackmen1/NBM_55.jpg,VERY_UNLIKELY,UNLIKELY,UNLIKELY,VERY_UNLIKELY,VERY_UNLIKELY
/Users/timomiessen/Desktop/imagesdk/nonblackmen1/NBM_8.jpg,VERY_UNLIKELY,VERY_UNLIKELY,VERY_UNLIKELY,VERY_UNLIKELY,UNLIKELY
/Users/timomiessen/Desktop/imagesdk/nonblackmen1/NBM_136.jpg,VERY_UNLIKELY,VERY_UNLIKELY,VERY_UNLIKELY,VERY_UNLIKELY,VERY_UNLIKELY
/Users/timomiessen/Desktop/imagesdk/nonblackmen1/NBM_122.jpg,VERY_UNLIKELY,VERY_UNLIKELY,VERY_UNLIKELY,VERY_UNLIKELY,UNLIKELY
/Users/timomiessen/Desktop/imagesdk/nonblackmen1/NBM_69.jpg,UNLIKELY,VERY_UNLIKELY,POSSIBLE,UNLIKELY,POSSIBLE
/Users/timomiessen/Desktop/imagesdk/nonblackmen1/NBM_283.jpg,VERY_UNLIKELY,VERY_UNLIKELY,UNLIKELY,VERY_UNLIKELY,VERY_UNLIKELY
/Users/timomiessen/Desktop/imagesdk/nonblackmen1/NBM_297.jpg,UNLIKELY,UNLIKELY,POSSIBLE,UNLIKELY,UNLIKELY
/Users/timomiessen/Desktop/imagesdk/nonblackmen1/NBM_268.jpg,VERY_UNLIKELY,UNLIKELY,LIKELY,VERY_UNLIKELY,UNLIKELY
/Users/timomiessen/Desktop/imagesdk/nonblackmen1/NBM_240.jpg,VERY_UNLIKELY,UNLIKELY,VERY_UNLIKELY,VERY_UNLIKELY,VERY_UNLIKELY
/Users/timomiessen/Desktop/imagesdk/nonblackmen1/NBM_254.jpg,VERY_UNLIKELY,UNLIKELY,POSSIBLE,VERY_UNLIKELY,UNLIKELY
/Users/timomiessen/Desktop/imagesdk/nonblackmen1/NBM_242.jpg,UNLIKELY,UNLIKELY,LIKELY,VERY_UNLIKELY,UNLIKELY
/Users/timomiessen/Desktop/imagesdk/nonblackmen1/NBM_256.jpg,VERY_UNLIKELY,UNLIKELY,VERY_LIKELY,VERY_UNLIKELY,UNLIKELY
/Users/timomiessen/Desktop/imagesdk/nonblackmen1/NBM_281.jpg,UNLIKELY,UNLIKELY,LIKELY,VERY_UNLIKELY,VERY_UNLIKELY
/Users/timomiessen/Desktop/imagesdk/nonblackmen1/NBM_295.jpg,UNLIKELY,UNLIKELY,VERY_LIKELY,VERY_UNLIKELY,VERY_UNLIKELY
/Users/timomiessen/Desktop/imagesdk/nonblackmen1/NBM_134.jpg,VERY_UNLIKELY,UNLIKELY,VERY_UNLIKELY,VERY_UNLIKELY,VERY_UNLIKELY
/Users/timomiessen/Desktop/imagesdk/nonblackmen1/NBM_120.jpg,UNLIKELY,UNLIKELY,LIKELY,VERY_UNLIKELY,VERY_UNLIKELY
/Users/timomiessen/Desktop/imagesdk/nonblackmen1/NBM_43.jpg,VERY_UNLIKELY,VERY_UNLIKELY,VERY_UNLIKELY,VERY_UNLIKELY,VERY_UNLIKELY
/Users/timomiessen/Desktop/imagesdk/nonblackmen1/NBM_108.jpg,VERY_UNLIKELY,VERY_UNLIKELY,VERY_UNLIKELY,VERY_UNLIKELY,VERY_UNLIKELY
/Users/timomiessen/Desktop/imagesdk/nonblackmen1/NBM_57.jpg,VERY_UNLIKELY,VERY_UNLIKELY,VERY_UNLIKELY,VERY_UNLIKELY,UNLIKELY
/Users/timomiessen/Desktop/imagesdk/nonblackmen1/NBM_80.jpg,VERY_UNLIKELY,UNLIKELY,UNLIKELY,UNLIKELY,UNLIKELY
/Users/timomiessen/Desktop/imagesdk/nonblackmen1/NBM_94.jpg,POSSIBLE,POSSIBLE,VERY_LIKELY,VERY_UNLIKELY,UNLIKELY
/Users/timomiessen/Desktop/imagesdk/nonblackmen1/NBM_322.jpg,UNLIKELY,UNLIKELY,VERY_LIKELY,VERY_UNLIKELY,UNLIKELY
/Users/timomiessen/Desktop/imagesdk/nonblackmen1/NBM_323.jpg,UNLIKELY,UNLIKELY,VERY_LIKELY,VERY_UNLIKELY,UNLIKELY
/Users/timomiessen/Desktop/imagesdk/nonblackmen1/NBM_95.jpg,VERY_UNLIKELY,VERY_UNLIKELY,UNLIKELY,UNLIKELY,VERY_UNLIKELY
/Users/timomiessen/Desktop/imagesdk/nonblackmen1/NBM_81.jpg,VERY_UNLIKELY,UNLIKELY,VERY_UNLIKELY,VERY_UNLIKELY,VERY_UNLIKELY
/Users/timomiessen/Desktop/imagesdk/nonblackmen1/NBM_56.jpg,VERY_UNLIKELY,VERY_UNLIKELY,POSSIBLE,VERY_UNLIKELY,VERY_UNLIKELY
/Users/timomiessen/Desktop/imagesdk/nonblackmen1/NBM_109.jpg,VERY_UNLIKELY,VERY_UNLIKELY,POSSIBLE,VERY_UNLIKELY,VERY_UNLIKELY
/Users/timomiessen/Desktop/imagesdk/nonblackmen1/NBM_42.jpg,VERY_UNLIKELY,UNLIKELY,UNLIKELY,UNLIKELY,UNLIKELY
/Users/timomiessen/Desktop/imagesdk/nonblackmen1/NBM_121.jpg,VERY_UNLIKELY,UNLIKELY,POSSIBLE,UNLIKELY,UNLIKELY
/Users/timomiessen/Desktop/imagesdk/nonblackmen1/NBM_135.jpg,VERY_UNLIKELY,UNLIKELY,VERY_UNLIKELY,VERY_UNLIKELY,VERY_UNLIKELY
/Users/timomiessen/Desktop/imagesdk/nonblackmen1/NBM_294.jpg,UNLIKELY,UNLIKELY,LIKELY,VERY_UNLIKELY,VERY_UNLIKELY
/Users/timomiessen/Desktop/imagesdk/nonblackmen1/NBM_280.jpg,VERY_UNLIKELY,UNLIKELY,UNLIKELY,UNLIKELY,UNLIKELY
/Users/timomiessen/Desktop/imagesdk/nonblackmen1/NBM_257.jpg,UNLIKELY,UNLIKELY,POSSIBLE,UNLIKELY,UNLIKELY
/Users/timomiessen/Desktop/imagesdk/nonblackmen1/NBM_243.jpg,VERY_UNLIKELY,UNLIKELY,POSSIBLE,VERY_UNLIKELY,VERY_UNLIKELY
/Users/timomiessen/Desktop/imagesdk/nonblackmen1/NBM_218.jpg,UNLIKELY,VERY_UNLIKELY,POSSIBLE,UNLIKELY,UNLIKELY
/Users/timomiessen/Desktop/imagesdk/nonblackmen1/NBM_224.jpg,VERY_UNLIKELY,UNLIKELY,LIKELY,VERY_UNLIKELY,UNLIKELY
/Users/timomiessen/Desktop/imagesdk/nonblackmen1/NBM_230.jpg,VERY_UNLIKELY,VERY_UNLIKELY,POSSIBLE,VERY_UNLIKELY,VERY_UNLIKELY
/Users/timomiessen/Desktop/imagesdk/nonblackmen1/NBM_25.jpg,VERY_UNLIKELY,UNLIKELY,VERY_UNLIKELY,VERY_UNLIKELY,UNLIKELY
/Users/timomiessen/Desktop/imagesdk/nonblackmen1/NBM_31.jpg,VERY_UNLIKELY,VERY_UNLIKELY,POSSIBLE,VERY_UNLIKELY,UNLIKELY
/Users/timomiessen/Desktop/imagesdk/nonblackmen1/NBM_19.jpg,VERY_UNLIKELY,UNLIKELY,VERY_UNLIKELY,VERY_UNLIKELY,VERY_UNLIKELY
/Users/timomiessen/Desktop/imagesdk/nonblackmen1/NBM_152.jpg,VERY_UNLIKELY,VERY_UNLIKELY,VERY_UNLIKELY,VERY_UNLIKELY,VERY_UNLIKELY
/Users/timomiessen/Desktop/imagesdk/nonblackmen1/NBM_146.jpg,VERY_UNLIKELY,VERY_UNLIKELY,VERY_UNLIKELY,VERY_UNLIKELY,VERY_UNLIKELY
/Users/timomiessen/Desktop/imagesdk/nonblackmen1/NBM_191.jpg,VERY_UNLIKELY,VERY_UNLIKELY,LIKELY,VERY_UNLIKELY,VERY_UNLIKELY
/Users/timomiessen/Desktop/imagesdk/nonblackmen1/NBM_185.jpg,UNLIKELY,VERY_UNLIKELY,UNLIKELY,UNLIKELY,VERY_UNLIKELY
/Users/timomiessen/Desktop/imagesdk/nonblackmen1/NBM_184.jpg,VERY_UNLIKELY,VERY_UNLIKELY,VERY_UNLIKELY,VERY_UNLIKELY,VERY_UNLIKELY
/Users/timomiessen/Desktop/imagesdk/nonblackmen1/NBM_190.jpg,VERY_UNLIKELY,UNLIKELY,UNLIKELY,VERY_UNLIKELY,UNLIKELY
/Users/timomiessen/Desktop/imagesdk/nonblackmen1/NBM_147.jpg,VERY_UNLIKELY,VERY_UNLIKELY,VERY_UNLIKELY,VERY_UNLIKELY,VERY_UNLIKELY
/Users/timomiessen/Desktop/imagesdk/nonblackmen1/NBM_153.jpg,VERY_UNLIKELY,UNLIKELY,VERY_UNLIKELY,VERY_UNLIKELY,VERY_UNLIKELY
/Users/timomiessen/Desktop/imagesdk/nonblackmen1/NBM_18.jpg,VERY_UNLIKELY,UNLIKELY,POSSIBLE,UNLIKELY,UNLIKELY
/Users/timomiessen/Desktop/imagesdk/nonblackmen1/NBM_30.jpg,UNLIKELY,VERY_UNLIKELY,UNLIKELY,VERY_UNLIKELY,VERY_UNLIKELY
/Users/timomiessen/Desktop/imagesdk/nonblackmen1/NBM_24.jpg,VERY_UNLIKELY,VERY_UNLIKELY,UNLIKELY,UNLIKELY,VERY_UNLIKELY
/Users/timomiessen/Desktop/imagesdk/nonblackmen1/NBM_231.jpg,VERY_UNLIKELY,VERY_UNLIKELY,VERY_UNLIKELY,UNLIKELY,VERY_UNLIKELY
/Users/timomiessen/Desktop/imagesdk/nonblackmen1/NBM_225.jpg,VERY_UNLIKELY,VERY_UNLIKELY,POSSIBLE,VERY_UNLIKELY,VERY_UNLIKELY
/Users/timomiessen/Desktop/imagesdk/nonblackmen1/NBM_219.jpg,VERY_UNLIKELY,UNLIKELY,LIKELY,VERY_UNLIKELY,VERY_UNLIKELY
/Users/timomiessen/Desktop/imagesdk/nonblackmen1/NBM_233.jpg,VERY_UNLIKELY,VERY_UNLIKELY,VERY_UNLIKELY,VERY_UNLIKELY,VERY_UNLIKELY
/Users/timomiessen/Desktop/imagesdk/nonblackmen1/NBM_227.jpg,VERY_UNLIKELY,UNLIKELY,UNLIKELY,UNLIKELY,UNLIKELY
/Users/timomiessen/Desktop/imagesdk/nonblackmen1/NBM_32.jpg,UNLIKELY,UNLIKELY,LIKELY,UNLIKELY,UNLIKELY
/Users/timomiessen/Desktop/imagesdk/nonblackmen1/NBM_179.jpg,VERY_UNLIKELY,VERY_UNLIKELY,VERY_UNLIKELY,VERY_UNLIKELY,VERY_UNLIKELY
/Users/timomiessen/Desktop/imagesdk/nonblackmen1/NBM_26.jpg,VERY_UNLIKELY,VERY_UNLIKELY,VERY_UNLIKELY,VERY_UNLIKELY,UNLIKELY
/Users/timomiessen/Desktop/imagesdk/nonblackmen1/NBM_145.jpg,VERY_UNLIKELY,VERY_UNLIKELY,VERY_UNLIKELY,UNLIKELY,UNLIKELY
/Users/timomiessen/Desktop/imagesdk/nonblackmen1/NBM_151.jpg,UNLIKELY,VERY_UNLIKELY,UNLIKELY,VERY_UNLIKELY,VERY_UNLIKELY
/Users/timomiessen/Desktop/imagesdk/nonblackmen1/NBM_186.jpg,VERY_UNLIKELY,VERY_UNLIKELY,VERY_UNLIKELY,VERY_UNLIKELY,VERY_UNLIKELY
/Users/timomiessen/Desktop/imagesdk/nonblackmen1/NBM_192.jpg,UNLIKELY,UNLIKELY,POSSIBLE,UNLIKELY,UNLIKELY
/Users/timomiessen/Desktop/imagesdk/nonblackmen1/NBM_193.jpg,VERY_UNLIKELY,UNLIKELY,POSSIBLE,UNLIKELY,VERY_UNLIKELY
/Users/timomiessen/Desktop/imagesdk/nonblackmen1/NBM_187.jpg,VERY_UNLIKELY,UNLIKELY,UNLIKELY,VERY_UNLIKELY,VERY_UNLIKELY
/Users/timomiessen/Desktop/imagesdk/nonblackmen1/NBM_150.jpg,VERY_UNLIKELY,UNLIKELY,UNLIKELY,VERY_UNLIKELY,UNLIKELY
/Users/timomiessen/Desktop/imagesdk/nonblackmen1/NBM_144.jpg,UNLIKELY,UNLIKELY,UNLIKELY,UNLIKELY,UNLIKELY
/Users/timomiessen/Desktop/imagesdk/nonblackmen1/NBM_27.jpg,VERY_UNLIKELY,UNLIKELY,VERY_UNLIKELY,VERY_UNLIKELY,VERY_UNLIKELY
/Users/timomiessen/Desktop/imagesdk/nonblackmen1/NBM_178.jpg,VERY_UNLIKELY,UNLIKELY,VERY_UNLIKELY,VERY_UNLIKELY,VERY_UNLIKELY
/Users/timomiessen/Desktop/imagesdk/nonblackmen1/NBM_33.jpg,VERY_UNLIKELY,UNLIKELY,UNLIKELY,VERY_UNLIKELY,VERY_UNLIKELY
/Users/timomiessen/Desktop/imagesdk/nonblackmen1/NBM_226.jpg,VERY_UNLIKELY,UNLIKELY,LIKELY,VERY_UNLIKELY,UNLIKELY
/Users/timomiessen/Desktop/imagesdk/nonblackmen1/NBM_232.jpg,VERY_UNLIKELY,VERY_UNLIKELY,LIKELY,VERY_UNLIKELY,UNLIKELY
/Users/timomiessen/Desktop/imagesdk/nonblackmen1/NBM_236.jpg,UNLIKELY,VERY_UNLIKELY,LIKELY,UNLIKELY,UNLIKELY
/Users/timomiessen/Desktop/imagesdk/nonblackmen1/NBM_222.jpg,VERY_UNLIKELY,UNLIKELY,UNLIKELY,VERY_UNLIKELY,VERY_UNLIKELY
/Users/timomiessen/Desktop/imagesdk/nonblackmen1/NBM_140.jpg,UNLIKELY,VERY_UNLIKELY,UNLIKELY,UNLIKELY,UNLIKELY
/Users/timomiessen/Desktop/imagesdk/nonblackmen1/NBM_154.jpg,VERY_UNLIKELY,UNLIKELY,POSSIBLE,VERY_UNLIKELY,UNLIKELY
/Users/timomiessen/Desktop/imagesdk/nonblackmen1/NBM_37.jpg,VERY_UNLIKELY,UNLIKELY,VERY_UNLIKELY,VERY_UNLIKELY,VERY_UNLIKELY
/Users/timomiessen/Desktop/imagesdk/nonblackmen1/NBM_23.jpg,VERY_UNLIKELY,UNLIKELY,UNLIKELY,VERY_UNLIKELY,VERY_UNLIKELY
/Users/timomiessen/Desktop/imagesdk/nonblackmen1/NBM_168.jpg,VERY_UNLIKELY,UNLIKELY,VERY_UNLIKELY,VERY_UNLIKELY,VERY_UNLIKELY
/Users/timomiessen/Desktop/imagesdk/nonblackmen1/NBM_183.jpg,VERY_UNLIKELY,VERY_UNLIKELY,VERY_UNLIKELY,VERY_UNLIKELY,VERY_UNLIKELY
/Users/timomiessen/Desktop/imagesdk/nonblackmen1/NBM_197.jpg,UNLIKELY,UNLIKELY,POSSIBLE,VERY_UNLIKELY,VERY_UNLIKELY
/Users/timomiessen/Desktop/imagesdk/nonblackmen1/NBM_196.jpg,VERY_UNLIKELY,VERY_UNLIKELY,UNLIKELY,VERY_UNLIKELY,VERY_UNLIKELY
/Users/timomiessen/Desktop/imagesdk/nonblackmen1/NBM_182.jpg,VERY_UNLIKELY,UNLIKELY,UNLIKELY,VERY_UNLIKELY,UNLIKELY
/Users/timomiessen/Desktop/imagesdk/nonblackmen1/NBM_169.jpg,VERY_UNLIKELY,VERY_UNLIKELY,VERY_UNLIKELY,VERY_UNLIKELY,VERY_UNLIKELY
/Users/timomiessen/Desktop/imagesdk/nonblackmen1/NBM_22.jpg,VERY_UNLIKELY,UNLIKELY,UNLIKELY,VERY_UNLIKELY,VERY_UNLIKELY
/Users/timomiessen/Desktop/imagesdk/nonblackmen1/NBM_36.jpg,VERY_UNLIKELY,VERY_UNLIKELY,UNLIKELY,VERY_UNLIKELY,VERY_UNLIKELY
/Users/timomiessen/Desktop/imagesdk/nonblackmen1/NBM_155.jpg,VERY_UNLIKELY,UNLIKELY,UNLIKELY,VERY_UNLIKELY,VERY_UNLIKELY
/Users/timomiessen/Desktop/imagesdk/nonblackmen1/NBM_141.jpg,POSSIBLE,UNLIKELY,POSSIBLE,VERY_UNLIKELY,UNLIKELY
/Users/timomiessen/Desktop/imagesdk/nonblackmen1/NBM_223.jpg,VERY_UNLIKELY,UNLIKELY,UNLIKELY,VERY_UNLIKELY,VERY_UNLIKELY
/Users/timomiessen/Desktop/imagesdk/nonblackmen1/NBM_237.jpg,VERY_UNLIKELY,VERY_UNLIKELY,UNLIKELY,VERY_UNLIKELY,VERY_UNLIKELY
/Users/timomiessen/Desktop/imagesdk/nonblackmen1/NBM_221.jpg,VERY_UNLIKELY,UNLIKELY,VERY_UNLIKELY,VERY_UNLIKELY,VERY_UNLIKELY
/Users/timomiessen/Desktop/imagesdk/nonblackmen1/NBM_235.jpg,VERY_UNLIKELY,VERY_UNLIKELY,POSSIBLE,VERY_UNLIKELY,VERY_UNLIKELY
/Users/timomiessen/Desktop/imagesdk/nonblackmen1/NBM_209.jpg,VERY_UNLIKELY,VERY_UNLIKELY,VERY_UNLIKELY,VERY_UNLIKELY,VERY_UNLIKELY
/Users/timomiessen/Desktop/imagesdk/nonblackmen1/NBM_157.jpg,VERY_UNLIKELY,VERY_UNLIKELY,VERY_UNLIKELY,VERY_UNLIKELY,VERY_UNLIKELY
/Users/timomiessen/Desktop/imagesdk/nonblackmen1/NBM_143.jpg,VERY_UNLIKELY,VERY_UNLIKELY,VERY_UNLIKELY,VERY_UNLIKELY,VERY_UNLIKELY
/Users/timomiessen/Desktop/imagesdk/nonblackmen1/NBM_20.jpg,UNLIKELY,VERY_UNLIKELY,POSSIBLE,VERY_UNLIKELY,UNLIKELY
/Users/timomiessen/Desktop/imagesdk/nonblackmen1/NBM_34.jpg,UNLIKELY,UNLIKELY,POSSIBLE,VERY_UNLIKELY,UNLIKELY
/Users/timomiessen/Desktop/imagesdk/nonblackmen1/NBM_194.jpg,VERY_UNLIKELY,UNLIKELY,UNLIKELY,UNLIKELY,VERY_UNLIKELY
/Users/timomiessen/Desktop/imagesdk/nonblackmen1/NBM_180.jpg,VERY_UNLIKELY,VERY_UNLIKELY,VERY_UNLIKELY,VERY_UNLIKELY,VERY_UNLIKELY
/Users/timomiessen/Desktop/imagesdk/nonblackmen1/NBM_181.jpg,VERY_UNLIKELY,UNLIKELY,VERY_UNLIKELY,VERY_UNLIKELY,VERY_UNLIKELY
/Users/timomiessen/Desktop/imagesdk/nonblackmen1/NBM_195.jpg,VERY_UNLIKELY,VERY_UNLIKELY,LIKELY,VERY_UNLIKELY,UNLIKELY
/Users/timomiessen/Desktop/imagesdk/nonblackmen1/NBM_35.jpg,VERY_UNLIKELY,UNLIKELY,POSSIBLE,UNLIKELY,VERY_UNLIKELY
/Users/timomiessen/Desktop/imagesdk/nonblackmen1/NBM_21.jpg,VERY_UNLIKELY,VERY_UNLIKELY,VERY_UNLIKELY,VERY_UNLIKELY,VERY_UNLIKELY
/Users/timomiessen/Desktop/imagesdk/nonblackmen1/NBM_142.jpg,VERY_UNLIKELY,VERY_UNLIKELY,UNLIKELY,VERY_UNLIKELY,VERY_UNLIKELY
/Users/timomiessen/Desktop/imagesdk/nonblackmen1/NBM_156.jpg,VERY_UNLIKELY,UNLIKELY,UNLIKELY,VERY_UNLIKELY,UNLIKELY
/Users/timomiessen/Desktop/imagesdk/nonblackmen1/NBM_208.jpg,VERY_UNLIKELY,VERY_UNLIKELY,VERY_UNLIKELY,VERY_UNLIKELY,VERY_UNLIKELY
/Users/timomiessen/Desktop/imagesdk/nonblackmen1/NBM_234.jpg,VERY_UNLIKELY,VERY_UNLIKELY,UNLIKELY,UNLIKELY,VERY_UNLIKELY
/Users/timomiessen/Desktop/imagesdk/nonblackmen1/NBM_220.jpg,VERY_UNLIKELY,UNLIKELY,POSSIBLE,UNLIKELY,VERY_UNLIKELY
/Users/timomiessen/Desktop/imagesdk/nonblackmen1/NBM_239.jpg,VERY_UNLIKELY,UNLIKELY,POSSIBLE,VERY_UNLIKELY,VERY_UNLIKELY
/Users/timomiessen/Desktop/imagesdk/nonblackmen1/NBM_205.jpg,VERY_UNLIKELY,UNLIKELY,POSSIBLE,VERY_UNLIKELY,UNLIKELY
/Users/timomiessen/Desktop/imagesdk/nonblackmen1/NBM_211.jpg,UNLIKELY,VERY_UNLIKELY,LIKELY,VERY_UNLIKELY,VERY_UNLIKELY
/Users/timomiessen/Desktop/imagesdk/nonblackmen1/NBM_10.jpg,VERY_UNLIKELY,VERY_UNLIKELY,UNLIKELY,VERY_UNLIKELY,VERY_UNLIKELY
/Users/timomiessen/Desktop/imagesdk/nonblackmen1/NBM_38.jpg,VERY_UNLIKELY,VERY_UNLIKELY,VERY_UNLIKELY,UNLIKELY,VERY_UNLIKELY
/Users/timomiessen/Desktop/imagesdk/nonblackmen1/NBM_173.jpg,VERY_UNLIKELY,VERY_UNLIKELY,UNLIKELY,UNLIKELY,UNLIKELY
/Users/timomiessen/Desktop/imagesdk/nonblackmen1/NBM_167.jpg,VERY_UNLIKELY,UNLIKELY,UNLIKELY,VERY_UNLIKELY,VERY_UNLIKELY
/Users/timomiessen/Desktop/imagesdk/nonblackmen1/NBM_198.jpg,VERY_UNLIKELY,POSSIBLE,POSSIBLE,VERY_UNLIKELY,VERY_UNLIKELY
/Users/timomiessen/Desktop/imagesdk/nonblackmen1/NBM_199.jpg,VERY_UNLIKELY,UNLIKELY,UNLIKELY,VERY_UNLIKELY,VERY_UNLIKELY
/Users/timomiessen/Desktop/imagesdk/nonblackmen1/NBM_166.jpg,VERY_UNLIKELY,UNLIKELY,VERY_UNLIKELY,VERY_UNLIKELY,VERY_UNLIKELY
/Users/timomiessen/Desktop/imagesdk/nonblackmen1/NBM_172.jpg,VERY_UNLIKELY,VERY_UNLIKELY,VERY_UNLIKELY,VERY_UNLIKELY,VERY_UNLIKELY
/Users/timomiessen/Desktop/imagesdk/nonblackmen1/NBM_39.jpg,VERY_UNLIKELY,VERY_UNLIKELY,VERY_UNLIKELY,VERY_UNLIKELY,VERY_UNLIKELY
/Users/timomiessen/Desktop/imagesdk/nonblackmen1/NBM_11.jpg,UNLIKELY,UNLIKELY,POSSIBLE,VERY_UNLIKELY,UNLIKELY
/Users/timomiessen/Desktop/imagesdk/nonblackmen1/NBM_210.jpg,VERY_UNLIKELY,VERY_UNLIKELY,UNLIKELY,VERY_UNLIKELY,VERY_UNLIKELY
/Users/timomiessen/Desktop/imagesdk/nonblackmen1/NBM_204.jpg,VERY_UNLIKELY,VERY_UNLIKELY,VERY_UNLIKELY,VERY_UNLIKELY,VERY_UNLIKELY
/Users/timomiessen/Desktop/imagesdk/nonblackmen1/NBM_238.jpg,VERY_UNLIKELY,VERY_UNLIKELY,UNLIKELY,VERY_UNLIKELY,UNLIKELY
/Users/timomiessen/Desktop/imagesdk/nonblackmen1/NBM_212.jpg,VERY_UNLIKELY,UNLIKELY,POSSIBLE,VERY_UNLIKELY,VERY_UNLIKELY
/Users/timomiessen/Desktop/imagesdk/nonblackmen1/NBM_206.jpg,UNLIKELY,VERY_UNLIKELY,LIKELY,VERY_UNLIKELY,UNLIKELY
/Users/timomiessen/Desktop/imagesdk/nonblackmen1/NBM_13.jpg,VERY_UNLIKELY,VERY_UNLIKELY,UNLIKELY,VERY_UNLIKELY,UNLIKELY
/Users/timomiessen/Desktop/imagesdk/nonblackmen1/NBM_158.jpg,VERY_UNLIKELY,UNLIKELY,VERY_UNLIKELY,VERY_UNLIKELY,VERY_UNLIKELY
/Users/timomiessen/Desktop/imagesdk/nonblackmen1/NBM_164.jpg,VERY_UNLIKELY,UNLIKELY,VERY_UNLIKELY,VERY_UNLIKELY,VERY_UNLIKELY
/Users/timomiessen/Desktop/imagesdk/nonblackmen1/NBM_170.jpg,VERY_UNLIKELY,UNLIKELY,VERY_UNLIKELY,VERY_UNLIKELY,VERY_UNLIKELY
/Users/timomiessen/Desktop/imagesdk/nonblackmen1/NBM_171.jpg,UNLIKELY,VERY_UNLIKELY,VERY_UNLIKELY,VERY_UNLIKELY,VERY_UNLIKELY
/Users/timomiessen/Desktop/imagesdk/nonblackmen1/NBM_165.jpg,VERY_UNLIKELY,UNLIKELY,UNLIKELY,VERY_UNLIKELY,VERY_UNLIKELY
/Users/timomiessen/Desktop/imagesdk/nonblackmen1/NBM_159.jpg,UNLIKELY,VERY_UNLIKELY,POSSIBLE,UNLIKELY,VERY_UNLIKELY
/Users/timomiessen/Desktop/imagesdk/nonblackmen1/NBM_12.jpg,VERY_UNLIKELY,VERY_UNLIKELY,VERY_UNLIKELY,VERY_UNLIKELY,VERY_UNLIKELY
/Users/timomiessen/Desktop/imagesdk/nonblackmen1/NBM_207.jpg,VERY_UNLIKELY,VERY_UNLIKELY,UNLIKELY,UNLIKELY,VERY_UNLIKELY
/Users/timomiessen/Desktop/imagesdk/nonblackmen1/NBM_213.jpg,VERY_UNLIKELY,UNLIKELY,UNLIKELY,VERY_UNLIKELY,VERY_UNLIKELY
/Users/timomiessen/Desktop/imagesdk/nonblackmen1/NBM_217.jpg,VERY_UNLIKELY,VERY_UNLIKELY,UNLIKELY,UNLIKELY,UNLIKELY
/Users/timomiessen/Desktop/imagesdk/nonblackmen1/NBM_203.jpg,UNLIKELY,UNLIKELY,POSSIBLE,UNLIKELY,VERY_UNLIKELY
/Users/timomiessen/Desktop/imagesdk/nonblackmen1/NBM_161.jpg,VERY_UNLIKELY,VERY_UNLIKELY,VERY_UNLIKELY,VERY_UNLIKELY,VERY_UNLIKELY
/Users/timomiessen/Desktop/imagesdk/nonblackmen1/NBM_175.jpg,VERY_UNLIKELY,VERY_UNLIKELY,VERY_UNLIKELY,VERY_UNLIKELY,VERY_UNLIKELY
/Users/timomiessen/Desktop/imagesdk/nonblackmen1/NBM_16.jpg,VERY_UNLIKELY,VERY_UNLIKELY,VERY_UNLIKELY,VERY_UNLIKELY,VERY_UNLIKELY
/Users/timomiessen/Desktop/imagesdk/nonblackmen1/NBM_149.jpg,VERY_UNLIKELY,UNLIKELY,VERY_UNLIKELY,UNLIKELY,UNLIKELY
/Users/timomiessen/Desktop/imagesdk/nonblackmen1/NBM_148.jpg,UNLIKELY,VERY_UNLIKELY,UNLIKELY,VERY_UNLIKELY,VERY_UNLIKELY
/Users/timomiessen/Desktop/imagesdk/nonblackmen1/NBM_17.jpg,VERY_UNLIKELY,VERY_UNLIKELY,VERY_UNLIKELY,UNLIKELY,VERY_UNLIKELY
/Users/timomiessen/Desktop/imagesdk/nonblackmen1/NBM_174.jpg,VERY_UNLIKELY,VERY_UNLIKELY,UNLIKELY,VERY_UNLIKELY,VERY_UNLIKELY
/Users/timomiessen/Desktop/imagesdk/nonblackmen1/NBM_160.jpg,VERY_UNLIKELY,VERY_UNLIKELY,VERY_UNLIKELY,VERY_UNLIKELY,VERY_UNLIKELY
/Users/timomiessen/Desktop/imagesdk/nonblackmen1/NBM_202.jpg,VERY_UNLIKELY,UNLIKELY,UNLIKELY,UNLIKELY,UNLIKELY
/Users/timomiessen/Desktop/imagesdk/nonblackmen1/NBM_216.jpg,VERY_UNLIKELY,VERY_UNLIKELY,UNLIKELY,LIKELY,UNLIKELY
/Users/timomiessen/Desktop/imagesdk/nonblackmen1/NBM_200.jpg,VERY_UNLIKELY,VERY_UNLIKELY,VERY_UNLIKELY,VERY_UNLIKELY,VERY_UNLIKELY
/Users/timomiessen/Desktop/imagesdk/nonblackmen1/NBM_214.jpg,VERY_UNLIKELY,VERY_UNLIKELY,POSSIBLE,VERY_UNLIKELY,UNLIKELY
/Users/timomiessen/Desktop/imagesdk/nonblackmen1/NBM_228.jpg,VERY_UNLIKELY,VERY_UNLIKELY,UNLIKELY,VERY_UNLIKELY,VERY_UNLIKELY
/Users/timomiessen/Desktop/imagesdk/nonblackmen1/NBM_176.jpg,VERY_UNLIKELY,VERY_UNLIKELY,UNLIKELY,VERY_UNLIKELY,VERY_UNLIKELY
/Users/timomiessen/Desktop/imagesdk/nonblackmen1/NBM_29.jpg,VERY_UNLIKELY,UNLIKELY,POSSIBLE,VERY_UNLIKELY,VERY_UNLIKELY
/Users/timomiessen/Desktop/imagesdk/nonblackmen1/NBM_162.jpg,VERY_UNLIKELY,UNLIKELY,VERY_UNLIKELY,VERY_UNLIKELY,VERY_UNLIKELY
/Users/timomiessen/Desktop/imagesdk/nonblackmen1/NBM_15.jpg,VERY_UNLIKELY,VERY_UNLIKELY,UNLIKELY,VERY_UNLIKELY,VERY_UNLIKELY
/Users/timomiessen/Desktop/imagesdk/nonblackmen1/NBM_189.jpg,VERY_UNLIKELY,VERY_UNLIKELY,UNLIKELY,VERY_UNLIKELY,VERY_UNLIKELY
/Users/timomiessen/Desktop/imagesdk/nonblackmen1/NBM_188.jpg,VERY_UNLIKELY,VERY_UNLIKELY,VERY_UNLIKELY,VERY_UNLIKELY,VERY_UNLIKELY
/Users/timomiessen/Desktop/imagesdk/nonblackmen1/NBM_14.jpg,VERY_UNLIKELY,VERY_UNLIKELY,VERY_UNLIKELY,VERY_UNLIKELY,VERY_UNLIKELY
/Users/timomiessen/Desktop/imagesdk/nonblackmen1/NBM_163.jpg,VERY_UNLIKELY,UNLIKELY,UNLIKELY,VERY_UNLIKELY,VERY_UNLIKELY
/Users/timomiessen/Desktop/imagesdk/nonblackmen1/NBM_28.jpg,VERY_UNLIKELY,UNLIKELY,UNLIKELY,UNLIKELY,UNLIKELY
/Users/timomiessen/Desktop/imagesdk/nonblackmen1/NBM_177.jpg,VERY_UNLIKELY,VERY_UNLIKELY,VERY_UNLIKELY,VERY_UNLIKELY,VERY_UNLIKELY
/Users/timomiessen/Desktop/imagesdk/nonblackmen1/NBM_229.jpg,LIKELY,UNLIKELY,VERY_LIKELY,VERY_UNLIKELY,UNLIKELY
/Users/timomiessen/Desktop/imagesdk/nonblackmen1/NBM_215.jpg,VERY_UNLIKELY,UNLIKELY,UNLIKELY,VERY_UNLIKELY,VERY_UNLIKELY
/Users/timomiessen/Desktop/imagesdk/nonblackmen1/NBM_201.jpg,UNLIKELY,UNLIKELY,LIKELY,VERY_UNLIKELY,UNLIKELY
/Users/timomiessen/Desktop/imagesdk/nonblackmen1/NBM_266.jpg,VERY_UNLIKELY,UNLIKELY,VERY_LIKELY,VERY_UNLIKELY,UNLIKELY
/Users/timomiessen/Desktop/imagesdk/nonblackmen1/NBM_272.jpg,UNLIKELY,UNLIKELY,VERY_LIKELY,VERY_UNLIKELY,UNLIKELY
/Users/timomiessen/Desktop/imagesdk/nonblackmen1/NBM_299.jpg,VERY_UNLIKELY,UNLIKELY,POSSIBLE,VERY_UNLIKELY,VERY_UNLIKELY
/Users/timomiessen/Desktop/imagesdk/nonblackmen1/NBM_67.jpg,VERY_UNLIKELY,VERY_UNLIKELY,VERY_UNLIKELY,VERY_UNLIKELY,VERY_UNLIKELY
/Users/timomiessen/Desktop/imagesdk/nonblackmen1/NBM_73.jpg,VERY_UNLIKELY,UNLIKELY,VERY_UNLIKELY,VERY_UNLIKELY,UNLIKELY
/Users/timomiessen/Desktop/imagesdk/nonblackmen1/NBM_138.jpg,VERY_UNLIKELY,VERY_UNLIKELY,UNLIKELY,VERY_UNLIKELY,VERY_UNLIKELY
/Users/timomiessen/Desktop/imagesdk/nonblackmen1/NBM_6.jpg,VERY_UNLIKELY,VERY_UNLIKELY,VERY_UNLIKELY,VERY_UNLIKELY,VERY_UNLIKELY
/Users/timomiessen/Desktop/imagesdk/nonblackmen1/NBM_110.jpg,VERY_UNLIKELY,UNLIKELY,POSSIBLE,VERY_UNLIKELY,VERY_UNLIKELY
/Users/timomiessen/Desktop/imagesdk/nonblackmen1/NBM_104.jpg,UNLIKELY,VERY_UNLIKELY,VERY_UNLIKELY,VERY_UNLIKELY,UNLIKELY
/Users/timomiessen/Desktop/imagesdk/nonblackmen1/NBM_98.jpg,VERY_UNLIKELY,UNLIKELY,VERY_UNLIKELY,VERY_UNLIKELY,VERY_UNLIKELY
/Users/timomiessen/Desktop/imagesdk/nonblackmen1/NBM_312.jpg,UNLIKELY,UNLIKELY,LIKELY,UNLIKELY,UNLIKELY
/Users/timomiessen/Desktop/imagesdk/nonblackmen1/NBM_306.jpg,VERY_UNLIKELY,UNLIKELY,VERY_LIKELY,VERY_UNLIKELY,VERY_UNLIKELY
/Users/timomiessen/Desktop/imagesdk/nonblackmen1/NBM_307.jpg,VERY_UNLIKELY,UNLIKELY,UNLIKELY,VERY_UNLIKELY,VERY_UNLIKELY
/Users/timomiessen/Desktop/imagesdk/nonblackmen1/NBM_313.jpg,UNLIKELY,UNLIKELY,VERY_LIKELY,UNLIKELY,POSSIBLE
/Users/timomiessen/Desktop/imagesdk/nonblackmen1/NBM_99.jpg,VERY_UNLIKELY,UNLIKELY,VERY_UNLIKELY,UNLIKELY,VERY_UNLIKELY
/Users/timomiessen/Desktop/imagesdk/nonblackmen1/NBM_105.jpg,VERY_UNLIKELY,UNLIKELY,UNLIKELY,UNLIKELY,UNLIKELY
/Users/timomiessen/Desktop/imagesdk/nonblackmen1/NBM_111.jpg,VERY_UNLIKELY,UNLIKELY,VERY_UNLIKELY,VERY_UNLIKELY,VERY_UNLIKELY
/Users/timomiessen/Desktop/imagesdk/nonblackmen1/NBM_139.jpg,VERY_UNLIKELY,VERY_UNLIKELY,POSSIBLE,VERY_UNLIKELY,VERY_UNLIKELY
/Users/timomiessen/Desktop/imagesdk/nonblackmen1/NBM_72.jpg,VERY_UNLIKELY,VERY_UNLIKELY,VERY_UNLIKELY,VERY_UNLIKELY,VERY_UNLIKELY
/Users/timomiessen/Desktop/imagesdk/nonblackmen1/NBM_7.jpg,VERY_UNLIKELY,UNLIKELY,VERY_UNLIKELY,VERY_UNLIKELY,VERY_UNLIKELY
/Users/timomiessen/Desktop/imagesdk/nonblackmen1/NBM_66.jpg,VERY_UNLIKELY,VERY_UNLIKELY,VERY_UNLIKELY,UNLIKELY,UNLIKELY
/Users/timomiessen/Desktop/imagesdk/nonblackmen1/NBM_298.jpg,UNLIKELY,UNLIKELY,POSSIBLE,UNLIKELY,UNLIKELY
/Users/timomiessen/Desktop/imagesdk/nonblackmen1/NBM_273.jpg,VERY_UNLIKELY,UNLIKELY,LIKELY,VERY_UNLIKELY,VERY_UNLIKELY
/Users/timomiessen/Desktop/imagesdk/nonblackmen1/NBM_267.jpg,VERY_UNLIKELY,VERY_UNLIKELY,VERY_UNLIKELY,VERY_UNLIKELY,VERY_UNLIKELY
/Users/timomiessen/Desktop/imagesdk/nonblackmen1/NBM_259.jpg,VERY_UNLIKELY,UNLIKELY,VERY_LIKELY,VERY_UNLIKELY,UNLIKELY
/Users/timomiessen/Desktop/imagesdk/nonblackmen1/NBM_271.jpg,VERY_UNLIKELY,UNLIKELY,LIKELY,UNLIKELY,UNLIKELY
/Users/timomiessen/Desktop/imagesdk/nonblackmen1/NBM_265.jpg,POSSIBLE,UNLIKELY,VERY_LIKELY,UNLIKELY,LIKELY
/Users/timomiessen/Desktop/imagesdk/nonblackmen1/NBM_5.jpg,VERY_UNLIKELY,UNLIKELY,UNLIKELY,VERY_UNLIKELY,VERY_UNLIKELY
/Users/timomiessen/Desktop/imagesdk/nonblackmen1/NBM_70.jpg,VERY_UNLIKELY,VERY_UNLIKELY,UNLIKELY,VERY_UNLIKELY,UNLIKELY
/Users/timomiessen/Desktop/imagesdk/nonblackmen1/NBM_64.jpg,VERY_UNLIKELY,UNLIKELY,UNLIKELY,VERY_UNLIKELY,UNLIKELY
/Users/timomiessen/Desktop/imagesdk/nonblackmen1/NBM_107.jpg,VERY_UNLIKELY,VERY_UNLIKELY,UNLIKELY,VERY_UNLIKELY,VERY_UNLIKELY
/Users/timomiessen/Desktop/imagesdk/nonblackmen1/NBM_58.jpg,VERY_UNLIKELY,VERY_UNLIKELY,VERY_UNLIKELY,VERY_UNLIKELY,VERY_UNLIKELY
/Users/timomiessen/Desktop/imagesdk/nonblackmen1/NBM_113.jpg,UNLIKELY,UNLIKELY,LIKELY,VERY_UNLIKELY,UNLIKELY
/Users/timomiessen/Desktop/imagesdk/nonblackmen1/NBM_305.jpg,VERY_UNLIKELY,UNLIKELY,POSSIBLE,VERY_UNLIKELY,VERY_UNLIKELY
/Users/timomiessen/Desktop/imagesdk/nonblackmen1/NBM_311.jpg,LIKELY,UNLIKELY,VERY_LIKELY,VERY_UNLIKELY,UNLIKELY
/Users/timomiessen/Desktop/imagesdk/nonblackmen1/NBM_310.jpg,UNLIKELY,UNLIKELY,VERY_LIKELY,VERY_UNLIKELY,VERY_UNLIKELY
/Users/timomiessen/Desktop/imagesdk/nonblackmen1/NBM_304.jpg,VERY_UNLIKELY,UNLIKELY,POSSIBLE,VERY_UNLIKELY,VERY_UNLIKELY
/Users/timomiessen/Desktop/imagesdk/nonblackmen1/NBM_112.jpg,VERY_UNLIKELY,UNLIKELY,VERY_UNLIKELY,VERY_UNLIKELY,VERY_UNLIKELY
/Users/timomiessen/Desktop/imagesdk/nonblackmen1/NBM_59.jpg,VERY_UNLIKELY,VERY_UNLIKELY,UNLIKELY,VERY_UNLIKELY,UNLIKELY
/Users/timomiessen/Desktop/imagesdk/nonblackmen1/NBM_106.jpg,VERY_UNLIKELY,VERY_UNLIKELY,VERY_UNLIKELY,VERY_UNLIKELY,VERY_UNLIKELY
/Users/timomiessen/Desktop/imagesdk/nonblackmen1/NBM_65.jpg,VERY_UNLIKELY,UNLIKELY,POSSIBLE,VERY_UNLIKELY,UNLIKELY
/Users/timomiessen/Desktop/imagesdk/nonblackmen1/NBM_4.jpg,VERY_UNLIKELY,VERY_UNLIKELY,VERY_UNLIKELY,VERY_UNLIKELY,UNLIKELY
/Users/timomiessen/Desktop/imagesdk/nonblackmen1/NBM_71.jpg,VERY_UNLIKELY,UNLIKELY,POSSIBLE,VERY_UNLIKELY,UNLIKELY
/Users/timomiessen/Desktop/imagesdk/nonblackmen1/NBM_264.jpg,UNLIKELY,UNLIKELY,LIKELY,LIKELY,UNLIKELY
/Users/timomiessen/Desktop/imagesdk/nonblackmen1/NBM_270.jpg,POSSIBLE,UNLIKELY,VERY_LIKELY,VERY_UNLIKELY,UNLIKELY
/Users/timomiessen/Desktop/imagesdk/nonblackmen1/NBM_258.jpg,VERY_UNLIKELY,UNLIKELY,POSSIBLE,VERY_UNLIKELY,VERY_UNLIKELY
/Users/timomiessen/Desktop/imagesdk/nonblackmen1/NBM_274.jpg,VERY_UNLIKELY,VERY_UNLIKELY,POSSIBLE,VERY_UNLIKELY,VERY_UNLIKELY
/Users/timomiessen/Desktop/imagesdk/nonblackmen1/NBM_260.jpg,VERY_UNLIKELY,UNLIKELY,VERY_LIKELY,VERY_UNLIKELY,VERY_UNLIKELY
/Users/timomiessen/Desktop/imagesdk/nonblackmen1/NBM_248.jpg,VERY_UNLIKELY,VERY_UNLIKELY,POSSIBLE,VERY_UNLIKELY,UNLIKELY
/Users/timomiessen/Desktop/imagesdk/nonblackmen1/NBM_49.jpg,VERY_UNLIKELY,VERY_UNLIKELY,VERY_UNLIKELY,VERY_UNLIKELY,VERY_UNLIKELY
/Users/timomiessen/Desktop/imagesdk/nonblackmen1/NBM_102.jpg,VERY_UNLIKELY,UNLIKELY,UNLIKELY,UNLIKELY,VERY_UNLIKELY
/Users/timomiessen/Desktop/imagesdk/nonblackmen1/NBM_116.jpg,VERY_UNLIKELY,UNLIKELY,VERY_UNLIKELY,UNLIKELY,VERY_UNLIKELY
/Users/timomiessen/Desktop/imagesdk/nonblackmen1/NBM_75.jpg,VERY_UNLIKELY,VERY_UNLIKELY,VERY_UNLIKELY,VERY_UNLIKELY,UNLIKELY
/Users/timomiessen/Desktop/imagesdk/nonblackmen1/NBM_61.jpg,VERY_UNLIKELY,UNLIKELY,UNLIKELY,VERY_UNLIKELY,VERY_UNLIKELY
/Users/timomiessen/Desktop/imagesdk/nonblackmen1/NBM_300.jpg,VERY_UNLIKELY,UNLIKELY,POSSIBLE,VERY_UNLIKELY,VERY_UNLIKELY
/Users/timomiessen/Desktop/imagesdk/nonblackmen1/NBM_314.jpg,UNLIKELY,POSSIBLE,VERY_LIKELY,VERY_UNLIKELY,UNLIKELY
/Users/timomiessen/Desktop/imagesdk/nonblackmen1/NBM_328.jpg,VERY_UNLIKELY,POSSIBLE,VERY_LIKELY,VERY_UNLIKELY,UNLIKELY
/Users/timomiessen/Desktop/imagesdk/nonblackmen1/NBM_329.jpg,UNLIKELY,UNLIKELY,VERY_LIKELY,VERY_UNLIKELY,UNLIKELY
/Users/timomiessen/Desktop/imagesdk/nonblackmen1/NBM_315.jpg,VERY_UNLIKELY,UNLIKELY,VERY_LIKELY,VERY_UNLIKELY,VERY_UNLIKELY
/Users/timomiessen/Desktop/imagesdk/nonblackmen1/NBM_301.jpg,UNLIKELY,UNLIKELY,VERY_LIKELY,VERY_UNLIKELY,VERY_UNLIKELY
/Users/timomiessen/Desktop/imagesdk/nonblackmen1/NBM_60.jpg,VERY_UNLIKELY,VERY_UNLIKELY,VERY_UNLIKELY,VERY_UNLIKELY,VERY_UNLIKELY
/Users/timomiessen/Desktop/imagesdk/nonblackmen1/NBM_74.jpg,VERY_UNLIKELY,UNLIKELY,POSSIBLE,UNLIKELY,UNLIKELY
/Users/timomiessen/Desktop/imagesdk/nonblackmen1/NBM_1.jpg,VERY_UNLIKELY,VERY_UNLIKELY,VERY_UNLIKELY,VERY_UNLIKELY,UNLIKELY
/Users/timomiessen/Desktop/imagesdk/nonblackmen1/NBM_117.jpg,VERY_UNLIKELY,VERY_UNLIKELY,VERY_UNLIKELY,UNLIKELY,UNLIKELY
/Users/timomiessen/Desktop/imagesdk/nonblackmen1/NBM_103.jpg,VERY_UNLIKELY,UNLIKELY,VERY_UNLIKELY,VERY_UNLIKELY,VERY_UNLIKELY
/Users/timomiessen/Desktop/imagesdk/nonblackmen1/NBM_48.jpg,VERY_UNLIKELY,UNLIKELY,VERY_UNLIKELY,VERY_UNLIKELY,UNLIKELY
/Users/timomiessen/Desktop/imagesdk/nonblackmen1/NBM_249.jpg,VERY_UNLIKELY,VERY_UNLIKELY,UNLIKELY,UNLIKELY,VERY_UNLIKELY
/Users/timomiessen/Desktop/imagesdk/nonblackmen1/NBM_261.jpg,VERY_UNLIKELY,UNLIKELY,LIKELY,VERY_UNLIKELY,UNLIKELY
/Users/timomiessen/Desktop/imagesdk/nonblackmen1/NBM_275.jpg,VERY_UNLIKELY,UNLIKELY,POSSIBLE,VERY_UNLIKELY,VERY_UNLIKELY
/Users/timomiessen/Desktop/imagesdk/nonblackmen1/NBM_263.jpg,UNLIKELY,UNLIKELY,VERY_LIKELY,VERY_UNLIKELY,VERY_UNLIKELY
/Users/timomiessen/Desktop/imagesdk/nonblackmen1/NBM_277.jpg,VERY_UNLIKELY,UNLIKELY,POSSIBLE,VERY_UNLIKELY,VERY_UNLIKELY
/Users/timomiessen/Desktop/imagesdk/nonblackmen1/NBM_288.jpg,VERY_UNLIKELY,UNLIKELY,LIKELY,VERY_UNLIKELY,UNLIKELY
/Users/timomiessen/Desktop/imagesdk/nonblackmen1/NBM_115.jpg,VERY_UNLIKELY,UNLIKELY,VERY_UNLIKELY,VERY_UNLIKELY,VERY_UNLIKELY
/Users/timomiessen/Desktop/imagesdk/nonblackmen1/NBM_101.jpg,VERY_UNLIKELY,UNLIKELY,UNLIKELY,VERY_UNLIKELY,VERY_UNLIKELY
/Users/timomiessen/Desktop/imagesdk/nonblackmen1/NBM_62.jpg,VERY_UNLIKELY,UNLIKELY,UNLIKELY,VERY_UNLIKELY,VERY_UNLIKELY
/Users/timomiessen/Desktop/imagesdk/nonblackmen1/NBM_129.jpg,VERY_UNLIKELY,UNLIKELY,VERY_UNLIKELY,VERY_UNLIKELY,VERY_UNLIKELY
/Users/timomiessen/Desktop/imagesdk/nonblackmen1/NBM_3.jpg,VERY_UNLIKELY,VERY_UNLIKELY,VERY_UNLIKELY,VERY_UNLIKELY,VERY_UNLIKELY
/Users/timomiessen/Desktop/imagesdk/nonblackmen1/NBM_76.jpg,VERY_UNLIKELY,UNLIKELY,VERY_UNLIKELY,VERY_UNLIKELY,UNLIKELY
/Users/timomiessen/Desktop/imagesdk/nonblackmen1/NBM_89.jpg,VERY_UNLIKELY,VERY_UNLIKELY,UNLIKELY,VERY_UNLIKELY,VERY_UNLIKELY
/Users/timomiessen/Desktop/imagesdk/nonblackmen1/NBM_317.jpg,UNLIKELY,POSSIBLE,VERY_LIKELY,VERY_UNLIKELY,UNLIKELY
/Users/timomiessen/Desktop/imagesdk/nonblackmen1/NBM_303.jpg,VERY_UNLIKELY,VERY_UNLIKELY,UNLIKELY,VERY_UNLIKELY,UNLIKELY
/Users/timomiessen/Desktop/imagesdk/nonblackmen1/NBM_302.jpg,UNLIKELY,UNLIKELY,VERY_LIKELY,VERY_UNLIKELY,VERY_UNLIKELY
/Users/timomiessen/Desktop/imagesdk/nonblackmen1/NBM_316.jpg,UNLIKELY,UNLIKELY,VERY_LIKELY,VERY_UNLIKELY,UNLIKELY
/Users/timomiessen/Desktop/imagesdk/nonblackmen1/NBM_88.jpg,VERY_UNLIKELY,UNLIKELY,UNLIKELY,UNLIKELY,UNLIKELY
/Users/timomiessen/Desktop/imagesdk/nonblackmen1/NBM_2.jpg,VERY_UNLIKELY,UNLIKELY,POSSIBLE,VERY_UNLIKELY,UNLIKELY
/Users/timomiessen/Desktop/imagesdk/nonblackmen1/NBM_77.jpg,VERY_UNLIKELY,VERY_UNLIKELY,UNLIKELY,UNLIKELY,VERY_UNLIKELY
/Users/timomiessen/Desktop/imagesdk/nonblackmen1/NBM_128.jpg,VERY_UNLIKELY,VERY_UNLIKELY,VERY_UNLIKELY,VERY_UNLIKELY,VERY_UNLIKELY
/Users/timomiessen/Desktop/imagesdk/nonblackmen1/NBM_63.jpg,VERY_UNLIKELY,VERY_UNLIKELY,VERY_UNLIKELY,VERY_UNLIKELY,VERY_UNLIKELY
/Users/timomiessen/Desktop/imagesdk/nonblackmen1/NBM_100.jpg,VERY_UNLIKELY,VERY_UNLIKELY,VERY_UNLIKELY,VERY_UNLIKELY,UNLIKELY
/Users/timomiessen/Desktop/imagesdk/nonblackmen1/NBM_114.jpg,VERY_UNLIKELY,VERY_UNLIKELY,VERY_UNLIKELY,VERY_UNLIKELY,VERY_UNLIKELY
/Users/timomiessen/Desktop/imagesdk/nonblackmen1/NBM_289.jpg,UNLIKELY,UNLIKELY,VERY_LIKELY,VERY_UNLIKELY,UNLIKELY
/Users/timomiessen/Desktop/imagesdk/nonblackmen1/NBM_276.jpg,VERY_UNLIKELY,UNLIKELY,LIKELY,VERY_UNLIKELY,VERY_UNLIKELY
/Users/timomiessen/Desktop/imagesdk/nonblackmen1/NBM_262.jpg,VERY_UNLIKELY,UNLIKELY,POSSIBLE,UNLIKELY,VERY_UNLIKELY
